id,category
0,2.0
1,8.0
2,8.0
3,0.0
4,4.0
5,6.0
6,6.0
7,2.0
8,4.0
9,8.0
10,0.0
11,8.0
12,5.0
13,6.0
14,4.0
15,4.0
16,5.0
17,3.0
18,1.0
19,6.0
20,8.0
21,0.0
22,0.0
23,7.0
24,4.0
25,4.0
26,2.0
27,9.0
28,4.0
29,4.0
30,0.0
31,4.0
32,3.0
33,2.0
34,3.0
35,4.0
36,3.0
37,8.0
38,0.0
39,2.0
40,4.0
41,6.0
42,6.0
43,4.0
44,0.0
45,8.0
46,5.0
47,8.0
48,4.0
49,4.0
50,7.0
51,8.0
52,7.0
53,3.0
54,8.0
55,8.0
56,4.0
57,3.0
58,4.0
59,0.0
60,4.0
61,7.0
62,6.0
63,9.0
64,6.0
65,4.0
66,8.0
67,2.0
68,3.0
69,9.0
70,2.0
71,4.0
72,8.0
73,8.0
74,8.0
75,4.0
76,9.0
77,5.0
78,6.0
79,0.0
80,8.0
81,1.0
82,4.0
83,0.0
84,7.0
85,0.0
86,5.0
87,8.0
88,8.0
89,9.0
90,0.0
91,4.0
92,8.0
93,6.0
94,2.0
95,3.0
96,4.0
97,0.0
98,0.0
99,2.0
100,4.0
101,4.0
102,6.0
103,3.0
104,1.0
105,1.0
106,3.0
107,6.0
108,5.0
109,5.0
110,4.0
111,6.0
112,4.0
113,4.0
114,2.0
115,5.0
116,0.0
117,4.0
118,3.0
119,5.0
120,8.0
121,4.0
122,2.0
123,2.0
124,8.0
125,2.0
126,8.0
127,3.0
128,5.0
129,8.0
130,4.0
131,1.0
132,8.0
133,9.0
134,6.0
135,3.0
136,9.0
137,0.0
138,2.0
139,8.0
140,2.0
141,5.0
142,6.0
143,3.0
144,0.0
145,2.0
146,2.0
147,5.0
148,7.0
149,3.0
150,8.0
151,2.0
152,4.0
153,8.0
154,0.0
155,5.0
156,2.0
157,8.0
158,4.0
159,4.0
160,0.0
161,2.0
162,6.0
163,4.0
164,8.0
165,4.0
166,8.0
167,4.0
168,3.0
169,0.0
170,0.0
171,2.0
172,8.0
173,8.0
174,4.0
175,9.0
176,0.0
177,4.0
178,5.0
179,0.0
180,0.0
181,2.0
182,2.0
183,2.0
184,3.0
185,0.0
186,2.0
187,3.0
188,5.0
189,8.0
190,4.0
191,0.0
192,2.0
193,3.0
194,2.0
195,5.0
196,4.0
197,8.0
198,7.0
199,3.0
200,5.0
201,4.0
202,8.0
203,2.0
204,0.0
205,4.0
206,0.0
207,2.0
208,2.0
209,8.0
210,2.0
211,3.0
212,3.0
213,7.0
214,8.0
215,6.0
216,6.0
217,8.0
218,0.0
219,4.0
220,7.0
221,4.0
222,8.0
223,0.0
224,3.0
225,5.0
226,2.0
227,3.0
228,9.0
229,6.0
230,3.0
231,1.0
232,9.0
233,4.0
234,0.0
235,0.0
236,4.0
237,0.0
238,8.0
239,5.0
240,1.0
241,4.0
242,4.0
243,0.0
244,0.0
245,4.0
246,4.0
247,0.0
248,6.0
249,6.0
250,2.0
251,5.0
252,6.0
253,4.0
254,6.0
255,8.0
256,6.0
257,8.0
258,8.0
259,4.0
260,5.0
261,8.0
262,4.0
263,3.0
264,8.0
265,8.0
266,2.0
267,4.0
268,7.0
269,0.0
270,5.0
271,2.0
272,4.0
273,5.0
274,8.0
275,3.0
276,8.0
277,4.0
278,5.0
279,5.0
280,9.0
281,4.0
282,3.0
283,1.0
284,8.0
285,4.0
286,1.0
287,8.0
288,4.0
289,9.0
290,1.0
291,4.0
292,4.0
293,8.0
294,5.0
295,4.0
296,2.0
297,0.0
298,2.0
299,2.0
300,4.0
301,2.0
302,6.0
303,3.0
304,6.0
305,8.0
306,8.0
307,2.0
308,1.0
309,4.0
310,8.0
311,6.0
312,8.0
313,0.0
314,2.0
315,5.0
316,9.0
317,3.0
318,5.0
319,4.0
320,4.0
321,3.0
322,6.0
323,6.0
324,5.0
325,5.0
326,2.0
327,5.0
328,3.0
329,2.0
330,1.0
331,9.0
332,6.0
333,6.0
334,4.0
335,4.0
336,6.0
337,8.0
338,2.0
339,4.0
340,3.0
341,4.0
342,2.0
343,6.0
344,7.0
345,2.0
346,4.0
347,2.0
348,8.0
349,8.0
350,7.0
351,3.0
352,1.0
353,2.0
354,3.0
355,3.0
356,6.0
357,6.0
358,0.0
359,1.0
360,4.0
361,5.0
362,8.0
363,0.0
364,8.0
365,8.0
366,4.0
367,1.0
368,0.0
369,4.0
370,4.0
371,7.0
372,0.0
373,0.0
374,2.0
375,7.0
376,8.0
377,4.0
378,4.0
379,6.0
380,4.0
381,9.0
382,4.0
383,0.0
384,2.0
385,0.0
386,4.0
387,4.0
388,2.0
389,5.0
390,5.0
391,0.0
392,4.0
393,6.0
394,6.0
395,2.0
396,2.0
397,7.0
398,0.0
399,3.0
400,8.0
401,8.0
402,3.0
403,8.0
404,8.0
405,2.0
406,0.0
407,7.0
408,8.0
409,3.0
410,8.0
411,9.0
412,2.0
413,4.0
414,9.0
415,8.0
416,8.0
417,1.0
418,3.0
419,4.0
420,6.0
421,4.0
422,8.0
423,5.0
424,2.0
425,8.0
426,3.0
427,6.0
428,8.0
429,6.0
430,2.0
431,5.0
432,5.0
433,3.0
434,2.0
435,4.0
436,4.0
437,4.0
438,2.0
439,1.0
440,0.0
441,4.0
442,1.0
443,8.0
444,4.0
445,4.0
446,8.0
447,0.0
448,4.0
449,2.0
450,3.0
451,9.0
452,5.0
453,2.0
454,1.0
455,2.0
456,4.0
457,2.0
458,6.0
459,8.0
460,7.0
461,4.0
462,1.0
463,6.0
464,2.0
465,6.0
466,7.0
467,2.0
468,3.0
469,0.0
470,3.0
471,6.0
472,8.0
473,4.0
474,2.0
475,5.0
476,4.0
477,8.0
478,2.0
479,4.0
480,8.0
481,6.0
482,8.0
483,2.0
484,5.0
485,8.0
486,9.0
487,9.0
488,8.0
489,0.0
490,4.0
491,7.0
492,8.0
493,4.0
494,8.0
495,8.0
496,8.0
497,2.0
498,2.0
499,0.0
500,6.0
501,6.0
502,4.0
503,4.0
504,8.0
505,2.0
506,7.0
507,4.0
508,3.0
509,4.0
510,5.0
511,4.0
512,6.0
513,8.0
514,5.0
515,6.0
516,8.0
517,9.0
518,9.0
519,8.0
520,5.0
521,0.0
522,8.0
523,7.0
524,0.0
525,2.0
526,4.0
527,2.0
528,8.0
529,4.0
530,0.0
531,8.0
532,2.0
533,8.0
534,2.0
535,4.0
536,4.0
537,4.0
538,1.0
539,0.0
540,0.0
541,0.0
542,6.0
543,6.0
544,5.0
545,9.0
546,1.0
547,2.0
548,2.0
549,5.0
550,3.0
551,6.0
552,8.0
553,6.0
554,8.0
555,8.0
556,2.0
557,6.0
558,3.0
559,2.0
560,0.0
561,4.0
562,4.0
563,4.0
564,4.0
565,3.0
566,4.0
567,5.0
568,0.0
569,2.0
570,6.0
571,7.0
572,0.0
573,2.0
574,6.0
575,6.0
576,8.0
577,8.0
578,2.0
579,8.0
580,4.0
581,8.0
582,0.0
583,4.0
584,0.0
585,4.0
586,8.0
587,2.0
588,8.0
589,8.0
590,6.0
591,8.0
592,2.0
593,4.0
594,8.0
595,2.0
596,0.0
597,4.0
598,7.0
599,5.0
600,2.0
601,2.0
602,8.0
603,2.0
604,1.0
605,6.0
606,2.0
607,3.0
608,6.0
609,9.0
610,4.0
611,8.0
612,8.0
613,8.0
614,4.0
615,3.0
616,7.0
617,4.0
618,0.0
619,9.0
620,6.0
621,4.0
622,7.0
623,2.0
624,4.0
625,4.0
626,6.0
627,4.0
628,4.0
629,5.0
630,8.0
631,0.0
632,6.0
633,3.0
634,6.0
635,8.0
636,9.0
637,4.0
638,8.0
639,6.0
640,6.0
641,2.0
642,2.0
643,2.0
644,8.0
645,1.0
646,2.0
647,2.0
648,4.0
649,3.0
650,3.0
651,6.0
652,6.0
653,4.0
654,9.0
655,8.0
656,1.0
657,1.0
658,4.0
659,0.0
660,0.0
661,5.0
662,7.0
663,4.0
664,5.0
665,8.0
666,5.0
667,0.0
668,8.0
669,6.0
670,2.0
671,5.0
672,4.0
673,3.0
674,4.0
675,4.0
676,4.0
677,2.0
678,6.0
679,5.0
680,9.0
681,6.0
682,7.0
683,4.0
684,9.0
685,5.0
686,9.0
687,5.0
688,6.0
689,8.0
690,4.0
691,2.0
692,3.0
693,7.0
694,8.0
695,4.0
696,8.0
697,5.0
698,7.0
699,4.0
700,3.0
701,0.0
702,3.0
703,1.0
704,2.0
705,4.0
706,0.0
707,5.0
708,8.0
709,8.0
710,0.0
711,8.0
712,8.0
713,7.0
714,4.0
715,6.0
716,2.0
717,4.0
718,4.0
719,8.0
720,2.0
721,8.0
722,8.0
723,8.0
724,8.0
725,0.0
726,8.0
727,4.0
728,4.0
729,5.0
730,4.0
731,2.0
732,7.0
733,2.0
734,8.0
735,2.0
736,0.0
737,0.0
738,1.0
739,3.0
740,2.0
741,7.0
742,4.0
743,4.0
744,2.0
745,2.0
746,2.0
747,6.0
748,2.0
749,3.0
750,4.0
751,2.0
752,6.0
753,4.0
754,4.0
755,4.0
756,6.0
757,8.0
758,8.0
759,1.0
760,3.0
761,2.0
762,6.0
763,8.0
764,8.0
765,2.0
766,5.0
767,8.0
768,5.0
769,8.0
770,3.0
771,2.0
772,5.0
773,5.0
774,2.0
775,4.0
776,7.0
777,6.0
778,2.0
779,6.0
780,4.0
781,4.0
782,4.0
783,4.0
784,4.0
785,8.0
786,3.0
787,9.0
788,4.0
789,0.0
790,0.0
791,6.0
792,6.0
793,8.0
794,2.0
795,8.0
796,4.0
797,3.0
798,6.0
799,0.0
800,7.0
801,8.0
802,0.0
803,7.0
804,0.0
805,4.0
806,8.0
807,2.0
808,0.0
809,3.0
810,3.0
811,6.0
812,7.0
813,2.0
814,8.0
815,1.0
816,3.0
817,4.0
818,4.0
819,2.0
820,9.0
821,6.0
822,9.0
823,8.0
824,4.0
825,0.0
826,7.0
827,3.0
828,6.0
829,7.0
830,2.0
831,3.0
832,6.0
833,4.0
834,4.0
835,4.0
836,8.0
837,5.0
838,4.0
839,2.0
840,7.0
841,4.0
842,4.0
843,2.0
844,3.0
845,5.0
846,5.0
847,0.0
848,4.0
849,4.0
850,5.0
851,5.0
852,8.0
853,9.0
854,0.0
855,8.0
856,7.0
857,8.0
858,5.0
859,4.0
860,4.0
861,2.0
862,6.0
863,3.0
864,0.0
865,1.0
866,7.0
867,2.0
868,2.0
869,3.0
870,6.0
871,0.0
872,4.0
873,0.0
874,3.0
875,0.0
876,4.0
877,2.0
878,8.0
879,7.0
880,8.0
881,7.0
882,8.0
883,0.0
884,9.0
885,4.0
886,8.0
887,2.0
888,8.0
889,4.0
890,4.0
891,4.0
892,7.0
893,6.0
894,1.0
895,1.0
896,3.0
897,7.0
898,7.0
899,5.0
900,4.0
901,6.0
902,6.0
903,5.0
904,8.0
905,0.0
906,4.0
907,2.0
908,8.0
909,4.0
910,6.0
911,5.0
912,6.0
913,4.0
914,3.0
915,8.0
916,4.0
917,8.0
918,8.0
919,4.0
920,4.0
921,2.0
922,9.0
923,9.0
924,4.0
925,3.0
926,8.0
927,2.0
928,0.0
929,8.0
930,4.0
931,2.0
932,3.0
933,3.0
934,1.0
935,8.0
936,2.0
937,4.0
938,4.0
939,8.0
940,4.0
941,7.0
942,7.0
943,4.0
944,8.0
945,5.0
946,0.0
947,5.0
948,4.0
949,4.0
950,8.0
951,9.0
952,5.0
953,7.0
954,4.0
955,7.0
956,0.0
957,2.0
958,4.0
959,8.0
960,8.0
961,4.0
962,0.0
963,6.0
964,6.0
965,2.0
966,6.0
967,0.0
968,2.0
969,4.0
970,2.0
971,4.0
972,4.0
973,6.0
974,2.0
975,0.0
976,2.0
977,8.0
978,3.0
979,8.0
980,4.0
981,8.0
982,6.0
983,4.0
984,7.0
985,8.0
986,3.0
987,8.0
988,0.0
989,0.0
990,0.0
991,4.0
992,8.0
993,6.0
994,6.0
995,4.0
996,8.0
997,0.0
998,3.0
999,8.0
1000,5.0
1001,2.0
1002,8.0
1003,4.0
1004,8.0
1005,3.0
1006,2.0
1007,4.0
1008,4.0
1009,7.0
1010,0.0
1011,8.0
1012,4.0
1013,1.0
1014,4.0
1015,2.0
1016,2.0
1017,4.0
1018,0.0
1019,0.0
1020,8.0
1021,4.0
1022,0.0
1023,8.0
1024,6.0
1025,5.0
1026,2.0
1027,4.0
1028,2.0
1029,6.0
1030,2.0
1031,8.0
1032,2.0
1033,2.0
1034,5.0
1035,2.0
1036,4.0
1037,4.0
1038,2.0
1039,2.0
1040,2.0
1041,2.0
1042,4.0
1043,4.0
1044,8.0
1045,5.0
1046,4.0
1047,8.0
1048,2.0
1049,4.0
1050,0.0
1051,4.0
1052,0.0
1053,5.0
1054,3.0
1055,8.0
1056,3.0
1057,3.0
1058,6.0
1059,0.0
1060,8.0
1061,6.0
1062,6.0
1063,6.0
1064,2.0
1065,9.0
1066,6.0
1067,0.0
1068,8.0
1069,4.0
1070,2.0
1071,6.0
1072,8.0
1073,7.0
1074,3.0
1075,8.0
1076,0.0
1077,0.0
1078,0.0
1079,6.0
1080,3.0
1081,6.0
1082,8.0
1083,3.0
1084,2.0
1085,4.0
1086,4.0
1087,6.0
1088,5.0
1089,2.0
1090,4.0
1091,0.0
1092,6.0
1093,2.0
1094,2.0
1095,5.0
1096,4.0
1097,2.0
1098,3.0
1099,2.0
1100,8.0
1101,8.0
1102,8.0
1103,0.0
1104,7.0
1105,4.0
1106,7.0
1107,2.0
1108,2.0
1109,8.0
1110,2.0
1111,8.0
1112,6.0
1113,8.0
1114,8.0
1115,7.0
1116,6.0
1117,0.0
1118,4.0
1119,7.0
1120,2.0
1121,3.0
1122,0.0
1123,3.0
1124,2.0
1125,6.0
1126,0.0
1127,8.0
1128,3.0
1129,6.0
1130,0.0
1131,8.0
1132,6.0
1133,4.0
1134,2.0
1135,6.0
1136,8.0
1137,6.0
1138,4.0
1139,8.0
1140,5.0
1141,1.0
1142,8.0
1143,6.0
1144,0.0
1145,6.0
1146,4.0
1147,0.0
1148,6.0
1149,3.0
1150,4.0
1151,4.0
1152,8.0
1153,8.0
1154,2.0
1155,3.0
1156,6.0
1157,4.0
1158,2.0
1159,8.0
1160,2.0
1161,8.0
1162,4.0
1163,4.0
1164,5.0
1165,0.0
1166,3.0
1167,6.0
1168,3.0
1169,7.0
1170,6.0
1171,9.0
1172,3.0
1173,6.0
1174,0.0
1175,5.0
1176,8.0
1177,3.0
1178,5.0
1179,3.0
1180,4.0
1181,6.0
1182,8.0
1183,0.0
1184,6.0
1185,0.0
1186,4.0
1187,2.0
1188,2.0
1189,4.0
1190,2.0
1191,1.0
1192,2.0
1193,2.0
1194,0.0
1195,6.0
1196,3.0
1197,0.0
1198,7.0
1199,3.0
1200,8.0
1201,7.0
1202,6.0
1203,0.0
1204,6.0
1205,0.0
1206,2.0
1207,8.0
1208,2.0
1209,6.0
1210,0.0
1211,4.0
1212,6.0
1213,8.0
1214,4.0
1215,7.0
1216,0.0
1217,5.0
1218,8.0
1219,5.0
1220,6.0
1221,8.0
1222,4.0
1223,0.0
1224,2.0
1225,6.0
1226,4.0
1227,3.0
1228,2.0
1229,4.0
1230,5.0
1231,4.0
1232,0.0
1233,0.0
1234,1.0
1235,2.0
1236,4.0
1237,0.0
1238,6.0
1239,6.0
1240,6.0
1241,2.0
1242,9.0
1243,8.0
1244,3.0
1245,6.0
1246,6.0
1247,4.0
1248,5.0
1249,5.0
1250,5.0
1251,3.0
1252,5.0
1253,0.0
1254,0.0
1255,0.0
1256,8.0
1257,4.0
1258,6.0
1259,8.0
1260,9.0
1261,8.0
1262,8.0
1263,8.0
1264,8.0
1265,1.0
1266,8.0
1267,4.0
1268,2.0
1269,7.0
1270,9.0
1271,8.0
1272,2.0
1273,4.0
1274,6.0
1275,2.0
1276,1.0
1277,6.0
1278,2.0
1279,5.0
1280,4.0
1281,8.0
1282,1.0
1283,0.0
1284,3.0
1285,8.0
1286,0.0
1287,8.0
1288,0.0
1289,6.0
1290,2.0
1291,8.0
1292,6.0
1293,4.0
1294,0.0
1295,0.0
1296,2.0
1297,0.0
1298,8.0
1299,8.0
1300,3.0
1301,1.0
1302,2.0
1303,2.0
1304,4.0
1305,0.0
1306,3.0
1307,2.0
1308,5.0
1309,2.0
1310,7.0
1311,8.0
1312,4.0
1313,8.0
1314,7.0
1315,8.0
1316,5.0
1317,9.0
1318,5.0
1319,0.0
1320,4.0
1321,5.0
1322,8.0
1323,8.0
1324,8.0
1325,4.0
1326,5.0
1327,6.0
1328,5.0
1329,6.0
1330,2.0
1331,3.0
1332,8.0
1333,8.0
1334,2.0
1335,1.0
1336,4.0
1337,3.0
1338,4.0
1339,2.0
1340,1.0
1341,4.0
1342,5.0
1343,8.0
1344,3.0
1345,2.0
1346,4.0
1347,8.0
1348,4.0
1349,8.0
1350,4.0
1351,2.0
1352,4.0
1353,2.0
1354,4.0
1355,3.0
1356,4.0
1357,8.0
1358,8.0
1359,2.0
1360,6.0
1361,6.0
1362,2.0
1363,1.0
1364,4.0
1365,0.0
1366,8.0
1367,2.0
1368,2.0
1369,8.0
1370,2.0
1371,8.0
1372,8.0
1373,3.0
1374,0.0
1375,4.0
1376,2.0
1377,0.0
1378,4.0
1379,4.0
1380,5.0
1381,2.0
1382,0.0
1383,4.0
1384,6.0
1385,5.0
1386,6.0
1387,8.0
1388,5.0
1389,2.0
1390,8.0
1391,8.0
1392,2.0
1393,3.0
1394,6.0
1395,4.0
1396,4.0
1397,0.0
1398,8.0
1399,0.0
1400,3.0
1401,8.0
1402,4.0
1403,4.0
1404,8.0
1405,2.0
1406,4.0
1407,8.0
1408,4.0
1409,0.0
1410,5.0
1411,2.0
1412,8.0
1413,4.0
1414,8.0
1415,6.0
1416,4.0
1417,9.0
1418,6.0
1419,8.0
1420,4.0
1421,4.0
1422,8.0
1423,4.0
1424,8.0
1425,4.0
1426,5.0
1427,4.0
1428,7.0
1429,3.0
1430,0.0
1431,4.0
1432,0.0
1433,7.0
1434,0.0
1435,1.0
1436,6.0
1437,1.0
1438,2.0
1439,8.0
1440,0.0
1441,2.0
1442,6.0
1443,4.0
1444,1.0
1445,4.0
1446,0.0
1447,8.0
1448,4.0
1449,6.0
1450,6.0
1451,4.0
1452,4.0
1453,5.0
1454,5.0
1455,6.0
1456,4.0
1457,1.0
1458,8.0
1459,8.0
1460,6.0
1461,9.0
1462,2.0
1463,0.0
1464,0.0
1465,0.0
1466,7.0
1467,2.0
1468,4.0
1469,7.0
1470,2.0
1471,8.0
1472,7.0
1473,2.0
1474,9.0
1475,9.0
1476,7.0
1477,0.0
1478,4.0
1479,8.0
1480,5.0
1481,2.0
1482,8.0
1483,4.0
1484,4.0
1485,8.0
1486,7.0
1487,6.0
1488,8.0
1489,2.0
1490,0.0
1491,0.0
1492,4.0
1493,3.0
1494,7.0
1495,2.0
1496,2.0
1497,8.0
1498,6.0
1499,8.0
1500,1.0
1501,6.0
1502,4.0
1503,6.0
1504,8.0
1505,2.0
1506,4.0
1507,9.0
1508,8.0
1509,4.0
1510,6.0
1511,1.0
1512,8.0
1513,6.0
1514,2.0
1515,2.0
1516,2.0
1517,5.0
1518,4.0
1519,6.0
1520,4.0
1521,4.0
1522,2.0
1523,4.0
1524,4.0
1525,8.0
1526,6.0
1527,3.0
1528,2.0
1529,7.0
1530,7.0
1531,7.0
1532,0.0
1533,6.0
1534,2.0
1535,6.0
1536,9.0
1537,4.0
1538,5.0
1539,4.0
1540,8.0
1541,4.0
1542,4.0
1543,4.0
1544,4.0
1545,1.0
1546,4.0
1547,0.0
1548,5.0
1549,4.0
1550,3.0
1551,2.0
1552,5.0
1553,4.0
1554,5.0
1555,0.0
1556,8.0
1557,8.0
1558,4.0
1559,5.0
1560,7.0
1561,4.0
1562,6.0
1563,0.0
1564,9.0
1565,6.0
1566,7.0
1567,2.0
1568,0.0
1569,0.0
1570,0.0
1571,2.0
1572,2.0
1573,0.0
1574,8.0
1575,2.0
1576,4.0
1577,6.0
1578,2.0
1579,0.0
1580,4.0
1581,6.0
1582,8.0
1583,2.0
1584,2.0
1585,7.0
1586,3.0
1587,0.0
1588,4.0
1589,3.0
1590,2.0
1591,1.0
1592,7.0
1593,3.0
1594,0.0
1595,6.0
1596,2.0
1597,4.0
1598,5.0
1599,2.0
1600,4.0
1601,7.0
1602,4.0
1603,6.0
1604,0.0
1605,2.0
1606,2.0
1607,0.0
1608,4.0
1609,2.0
1610,2.0
1611,2.0
1612,4.0
1613,8.0
1614,0.0
1615,6.0
1616,4.0
1617,0.0
1618,3.0
1619,6.0
1620,8.0
1621,8.0
1622,2.0
1623,4.0
1624,4.0
1625,5.0
1626,5.0
1627,8.0
1628,4.0
1629,1.0
1630,0.0
1631,4.0
1632,0.0
1633,2.0
1634,0.0
1635,4.0
1636,2.0
1637,0.0
1638,2.0
1639,8.0
1640,4.0
1641,4.0
1642,4.0
1643,9.0
1644,5.0
1645,4.0
1646,0.0
1647,5.0
1648,8.0
1649,4.0
1650,3.0
1651,0.0
1652,0.0
1653,8.0
1654,3.0
1655,0.0
1656,0.0
1657,0.0
1658,4.0
1659,8.0
1660,3.0
1661,4.0
1662,8.0
1663,4.0
1664,0.0
1665,4.0
1666,4.0
1667,4.0
1668,4.0
1669,4.0
1670,4.0
1671,3.0
1672,4.0
1673,6.0
1674,4.0
1675,6.0
1676,8.0
1677,1.0
1678,2.0
1679,2.0
1680,4.0
1681,4.0
1682,6.0
1683,0.0
1684,6.0
1685,4.0
1686,4.0
1687,8.0
1688,4.0
1689,6.0
1690,2.0
1691,8.0
1692,4.0
1693,8.0
1694,0.0
1695,9.0
1696,8.0
1697,8.0
1698,4.0
1699,4.0
1700,0.0
1701,2.0
1702,8.0
1703,5.0
1704,3.0
1705,4.0
1706,5.0
1707,8.0
1708,7.0
1709,2.0
1710,4.0
1711,7.0
1712,0.0
1713,1.0
1714,0.0
1715,2.0
1716,2.0
1717,6.0
1718,4.0
1719,8.0
1720,2.0
1721,8.0
1722,6.0
1723,6.0
1724,2.0
1725,0.0
1726,0.0
1727,4.0
1728,0.0
1729,8.0
1730,8.0
1731,6.0
1732,2.0
1733,3.0
1734,5.0
1735,2.0
1736,6.0
1737,4.0
1738,2.0
1739,8.0
1740,8.0
1741,6.0
1742,8.0
1743,1.0
1744,8.0
1745,2.0
1746,4.0
1747,1.0
1748,0.0
1749,4.0
1750,2.0
1751,2.0
1752,5.0
1753,4.0
1754,7.0
1755,8.0
1756,6.0
1757,4.0
1758,4.0
1759,0.0
1760,8.0
1761,7.0
1762,4.0
1763,8.0
1764,4.0
1765,6.0
1766,4.0
1767,4.0
1768,0.0
1769,8.0
1770,4.0
1771,2.0
1772,0.0
1773,5.0
1774,4.0
1775,0.0
1776,2.0
1777,4.0
1778,0.0
1779,8.0
1780,2.0
1781,6.0
1782,2.0
1783,0.0
1784,8.0
1785,0.0
1786,0.0
1787,5.0
1788,4.0
1789,6.0
1790,2.0
1791,4.0
1792,8.0
1793,4.0
1794,3.0
1795,6.0
1796,8.0
1797,0.0
1798,2.0
1799,0.0
1800,8.0
1801,4.0
1802,0.0
1803,6.0
1804,4.0
1805,8.0
1806,1.0
1807,0.0
1808,4.0
1809,8.0
1810,8.0
1811,8.0
1812,4.0
1813,6.0
1814,0.0
1815,4.0
1816,2.0
1817,4.0
1818,2.0
1819,0.0
1820,8.0
1821,4.0
1822,0.0
1823,4.0
1824,9.0
1825,2.0
1826,8.0
1827,4.0
1828,4.0
1829,0.0
1830,4.0
1831,8.0
1832,8.0
1833,8.0
1834,4.0
1835,6.0
1836,2.0
1837,8.0
1838,4.0
1839,7.0
1840,4.0
1841,4.0
1842,4.0
1843,8.0
1844,8.0
1845,7.0
1846,6.0
1847,8.0
1848,5.0
1849,0.0
1850,4.0
1851,0.0
1852,8.0
1853,1.0
1854,3.0
1855,3.0
1856,8.0
1857,5.0
1858,4.0
1859,2.0
1860,8.0
1861,5.0
1862,6.0
1863,8.0
1864,7.0
1865,4.0
1866,8.0
1867,4.0
1868,4.0
1869,8.0
1870,0.0
1871,5.0
1872,8.0
1873,2.0
1874,8.0
1875,0.0
1876,3.0
1877,6.0
1878,4.0
1879,0.0
1880,8.0
1881,8.0
1882,0.0
1883,3.0
1884,4.0
1885,3.0
1886,8.0
1887,6.0
1888,4.0
1889,9.0
1890,2.0
1891,8.0
1892,4.0
1893,9.0
1894,4.0
1895,9.0
1896,9.0
1897,0.0
1898,2.0
1899,7.0
1900,8.0
1901,3.0
1902,2.0
1903,0.0
1904,1.0
1905,2.0
1906,3.0
1907,6.0
1908,5.0
1909,6.0
1910,4.0
1911,4.0
1912,0.0
1913,9.0
1914,2.0
1915,8.0
1916,4.0
1917,8.0
1918,4.0
1919,0.0
1920,2.0
1921,0.0
1922,2.0
1923,8.0
1924,6.0
1925,9.0
1926,8.0
1927,4.0
1928,4.0
1929,5.0
1930,0.0
1931,6.0
1932,0.0
1933,6.0
1934,2.0
1935,2.0
1936,6.0
1937,7.0
1938,8.0
1939,2.0
1940,6.0
1941,2.0
1942,4.0
1943,8.0
1944,8.0
1945,5.0
1946,8.0
1947,8.0
1948,3.0
1949,0.0
1950,2.0
1951,4.0
1952,4.0
1953,4.0
1954,8.0
1955,7.0
1956,7.0
1957,8.0
1958,2.0
1959,0.0
1960,6.0
1961,4.0
1962,6.0
1963,8.0
1964,5.0
1965,8.0
1966,4.0
1967,7.0
1968,8.0
1969,5.0
1970,6.0
1971,4.0
1972,5.0
1973,0.0
1974,6.0
1975,4.0
1976,5.0
1977,4.0
1978,6.0
1979,2.0
1980,7.0
1981,0.0
1982,6.0
1983,4.0
1984,6.0
1985,2.0
1986,4.0
1987,8.0
1988,3.0
1989,2.0
1990,7.0
1991,5.0
1992,6.0
1993,5.0
1994,4.0
1995,2.0
1996,3.0
1997,8.0
1998,2.0
1999,2.0
2000,2.0
2001,5.0
2002,8.0
2003,6.0
2004,7.0
2005,5.0
2006,6.0
2007,8.0
2008,8.0
2009,1.0
2010,3.0
2011,2.0
2012,3.0
2013,4.0
2014,8.0
2015,4.0
2016,6.0
2017,6.0
2018,0.0
2019,9.0
2020,9.0
2021,8.0
2022,3.0
2023,2.0
2024,3.0
2025,2.0
2026,2.0
2027,2.0
2028,0.0
2029,4.0
2030,6.0
2031,1.0
2032,6.0
2033,4.0
2034,4.0
2035,2.0
2036,3.0
2037,7.0
2038,0.0
2039,1.0
2040,8.0
2041,0.0
2042,8.0
2043,8.0
2044,5.0
2045,4.0
2046,4.0
2047,5.0
2048,8.0
2049,2.0
2050,8.0
2051,2.0
2052,8.0
2053,0.0
2054,5.0
2055,4.0
2056,5.0
2057,5.0
2058,8.0
2059,3.0
2060,3.0
2061,3.0
2062,4.0
2063,8.0
2064,8.0
2065,2.0
2066,4.0
2067,4.0
2068,4.0
2069,4.0
2070,2.0
2071,4.0
2072,6.0
2073,2.0
2074,2.0
2075,2.0
2076,2.0
2077,8.0
2078,4.0
2079,0.0
2080,2.0
2081,2.0
2082,0.0
2083,3.0
2084,7.0
2085,6.0
2086,9.0
2087,0.0
2088,7.0
2089,7.0
2090,2.0
2091,2.0
2092,1.0
2093,6.0
2094,3.0
2095,2.0
2096,4.0
2097,2.0
2098,5.0
2099,8.0
2100,2.0
2101,4.0
2102,0.0
2103,5.0
2104,5.0
2105,4.0
2106,5.0
2107,2.0
2108,6.0
2109,8.0
2110,6.0
2111,7.0
2112,8.0
2113,8.0
2114,5.0
2115,4.0
2116,9.0
2117,0.0
2118,8.0
2119,5.0
2120,8.0
2121,2.0
2122,0.0
2123,2.0
2124,0.0
2125,8.0
2126,1.0
2127,7.0
2128,4.0
2129,8.0
2130,0.0
2131,2.0
2132,2.0
2133,7.0
2134,0.0
2135,0.0
2136,3.0
2137,2.0
2138,4.0
2139,1.0
2140,9.0
2141,4.0
2142,4.0
2143,7.0
2144,2.0
2145,4.0
2146,2.0
2147,3.0
2148,9.0
2149,4.0
2150,8.0
2151,8.0
2152,8.0
2153,4.0
2154,8.0
2155,8.0
2156,8.0
2157,2.0
2158,6.0
2159,8.0
2160,8.0
2161,6.0
2162,5.0
2163,7.0
2164,4.0
2165,0.0
2166,4.0
2167,4.0
2168,3.0
2169,0.0
2170,2.0
2171,2.0
2172,4.0
2173,0.0
2174,0.0
2175,5.0
2176,1.0
2177,4.0
2178,8.0
2179,1.0
2180,6.0
2181,9.0
2182,2.0
2183,4.0
2184,9.0
2185,2.0
2186,6.0
2187,2.0
2188,8.0
2189,2.0
2190,8.0
2191,2.0
2192,6.0
2193,2.0
2194,8.0
2195,2.0
2196,8.0
2197,4.0
2198,6.0
2199,4.0
2200,0.0
2201,3.0
2202,4.0
2203,6.0
2204,7.0
2205,4.0
2206,3.0
2207,3.0
2208,4.0
2209,4.0
2210,2.0
2211,0.0
2212,2.0
2213,4.0
2214,4.0
2215,4.0
2216,6.0
2217,8.0
2218,4.0
2219,4.0
2220,0.0
2221,2.0
2222,2.0
2223,8.0
2224,7.0
2225,7.0
2226,2.0
2227,8.0
2228,6.0
2229,4.0
2230,3.0
2231,3.0
2232,4.0
2233,6.0
2234,7.0
2235,4.0
2236,5.0
2237,3.0
2238,4.0
2239,7.0
2240,7.0
2241,0.0
2242,3.0
2243,4.0
2244,8.0
2245,0.0
2246,6.0
2247,5.0
2248,8.0
2249,0.0
2250,8.0
2251,0.0
2252,5.0
2253,2.0
2254,8.0
2255,8.0
2256,4.0
2257,0.0
2258,5.0
2259,5.0
2260,2.0
2261,6.0
2262,6.0
2263,6.0
2264,6.0
2265,8.0
2266,8.0
2267,6.0
2268,6.0
2269,4.0
2270,2.0
2271,8.0
2272,7.0
2273,6.0
2274,8.0
2275,2.0
2276,0.0
2277,5.0
2278,0.0
2279,0.0
2280,0.0
2281,3.0
2282,9.0
2283,2.0
2284,8.0
2285,3.0
2286,5.0
2287,4.0
2288,2.0
2289,6.0
2290,1.0
2291,4.0
2292,4.0
2293,2.0
2294,2.0
2295,8.0
2296,4.0
2297,7.0
2298,8.0
2299,3.0
2300,4.0
2301,2.0
2302,4.0
2303,2.0
2304,4.0
2305,3.0
2306,3.0
2307,6.0
2308,7.0
2309,2.0
2310,5.0
2311,7.0
2312,4.0
2313,2.0
2314,3.0
2315,6.0
2316,6.0
2317,5.0
2318,2.0
2319,7.0
2320,8.0
2321,8.0
2322,0.0
2323,8.0
2324,8.0
2325,0.0
2326,7.0
2327,2.0
2328,0.0
2329,4.0
2330,8.0
2331,2.0
2332,2.0
2333,6.0
2334,6.0
2335,4.0
2336,1.0
2337,3.0
2338,6.0
2339,2.0
2340,7.0
2341,0.0
2342,6.0
2343,4.0
2344,8.0
2345,1.0
2346,1.0
2347,8.0
2348,0.0
2349,0.0
2350,4.0
2351,5.0
2352,6.0
2353,4.0
2354,1.0
2355,8.0
2356,8.0
2357,0.0
2358,3.0
2359,4.0
2360,8.0
2361,8.0
2362,3.0
2363,3.0
2364,2.0
2365,4.0
2366,3.0
2367,4.0
2368,0.0
2369,1.0
2370,8.0
2371,0.0
2372,5.0
2373,0.0
2374,0.0
2375,8.0
2376,7.0
2377,4.0
2378,4.0
2379,9.0
2380,9.0
2381,5.0
2382,1.0
2383,0.0
2384,2.0
2385,7.0
2386,5.0
2387,4.0
2388,0.0
2389,4.0
2390,2.0
2391,5.0
2392,5.0
2393,1.0
2394,2.0
2395,8.0
2396,4.0
2397,6.0
2398,8.0
2399,8.0
2400,0.0
2401,5.0
2402,4.0
2403,4.0
2404,4.0
2405,3.0
2406,4.0
2407,8.0
2408,8.0
2409,4.0
2410,3.0
2411,8.0
2412,8.0
2413,8.0
2414,3.0
2415,4.0
2416,8.0
2417,0.0
2418,8.0
2419,2.0
2420,7.0
2421,8.0
2422,0.0
2423,3.0
2424,8.0
2425,8.0
2426,0.0
2427,4.0
2428,3.0
2429,8.0
2430,4.0
2431,8.0
2432,9.0
2433,4.0
2434,0.0
2435,4.0
2436,2.0
2437,0.0
2438,1.0
2439,1.0
2440,8.0
2441,6.0
2442,0.0
2443,8.0
2444,5.0
2445,6.0
2446,6.0
2447,4.0
2448,4.0
2449,2.0
2450,9.0
2451,8.0
2452,2.0
2453,4.0
2454,8.0
2455,2.0
2456,8.0
2457,4.0
2458,8.0
2459,5.0
2460,3.0
2461,0.0
2462,5.0
2463,6.0
2464,2.0
2465,9.0
2466,9.0
2467,8.0
2468,0.0
2469,3.0
2470,7.0
2471,8.0
2472,2.0
2473,0.0
2474,2.0
2475,6.0
2476,8.0
2477,8.0
2478,6.0
2479,2.0
2480,8.0
2481,4.0
2482,6.0
2483,2.0
2484,5.0
2485,4.0
2486,2.0
2487,3.0
2488,2.0
2489,4.0
2490,0.0
2491,8.0
2492,8.0
2493,8.0
2494,5.0
2495,4.0
2496,6.0
2497,8.0
2498,5.0
2499,2.0
2500,4.0
2501,4.0
2502,8.0
2503,8.0
2504,4.0
2505,4.0
2506,2.0
2507,0.0
2508,6.0
2509,2.0
2510,4.0
2511,8.0
2512,2.0
2513,2.0
2514,5.0
2515,6.0
2516,6.0
2517,3.0
2518,7.0
2519,3.0
2520,8.0
2521,4.0
2522,8.0
2523,4.0
2524,0.0
2525,8.0
2526,4.0
2527,8.0
2528,3.0
2529,5.0
2530,3.0
2531,2.0
2532,8.0
2533,3.0
2534,8.0
2535,4.0
2536,2.0
2537,1.0
2538,5.0
2539,8.0
2540,6.0
2541,8.0
2542,8.0
2543,3.0
2544,2.0
2545,4.0
2546,8.0
2547,4.0
2548,3.0
2549,6.0
2550,4.0
2551,4.0
2552,9.0
2553,8.0
2554,5.0
2555,9.0
2556,4.0
2557,6.0
2558,8.0
2559,2.0
2560,0.0
2561,6.0
2562,2.0
2563,0.0
2564,2.0
2565,7.0
2566,5.0
2567,2.0
2568,6.0
2569,2.0
2570,0.0
2571,3.0
2572,4.0
2573,4.0
2574,0.0
2575,4.0
2576,4.0
2577,4.0
2578,8.0
2579,4.0
2580,6.0
2581,2.0
2582,6.0
2583,3.0
2584,2.0
2585,6.0
2586,3.0
2587,0.0
2588,4.0
2589,8.0
2590,3.0
2591,8.0
2592,2.0
2593,8.0
2594,0.0
2595,4.0
2596,6.0
2597,5.0
2598,6.0
2599,4.0
2600,8.0
2601,1.0
2602,6.0
2603,1.0
2604,8.0
2605,2.0
2606,6.0
2607,1.0
2608,2.0
2609,5.0
2610,2.0
2611,2.0
2612,3.0
2613,2.0
2614,0.0
2615,4.0
2616,8.0
2617,2.0
2618,2.0
2619,7.0
2620,5.0
2621,8.0
2622,0.0
2623,4.0
2624,3.0
2625,2.0
2626,2.0
2627,4.0
2628,8.0
2629,4.0
2630,2.0
2631,4.0
2632,3.0
2633,9.0
2634,3.0
2635,2.0
2636,2.0
2637,6.0
2638,5.0
2639,2.0
2640,2.0
2641,4.0
2642,4.0
2643,4.0
2644,8.0
2645,3.0
2646,5.0
2647,0.0
2648,2.0
2649,6.0
2650,9.0
2651,8.0
2652,4.0
2653,0.0
2654,4.0
2655,0.0
2656,7.0
2657,2.0
2658,0.0
2659,2.0
2660,3.0
2661,4.0
2662,2.0
2663,9.0
2664,4.0
2665,4.0
2666,6.0
2667,8.0
2668,8.0
2669,6.0
2670,8.0
2671,6.0
2672,6.0
2673,2.0
2674,0.0
2675,2.0
2676,5.0
2677,8.0
2678,2.0
2679,0.0
2680,0.0
2681,8.0
2682,4.0
2683,6.0
2684,3.0
2685,4.0
2686,4.0
2687,0.0
2688,5.0
2689,4.0
2690,2.0
2691,4.0
2692,8.0
2693,6.0
2694,1.0
2695,2.0
2696,0.0
2697,0.0
2698,3.0
2699,4.0
2700,8.0
2701,8.0
2702,4.0
2703,4.0
2704,8.0
2705,0.0
2706,6.0
2707,3.0
2708,2.0
2709,4.0
2710,5.0
2711,5.0
2712,0.0
2713,8.0
2714,8.0
2715,0.0
2716,3.0
2717,0.0
2718,4.0
2719,4.0
2720,2.0
2721,4.0
2722,4.0
2723,2.0
2724,8.0
2725,8.0
2726,2.0
2727,8.0
2728,2.0
2729,2.0
2730,4.0
2731,5.0
2732,7.0
2733,7.0
2734,2.0
2735,2.0
2736,8.0
2737,4.0
2738,4.0
2739,2.0
2740,9.0
2741,6.0
2742,2.0
2743,7.0
2744,3.0
2745,8.0
2746,5.0
2747,3.0
2748,9.0
2749,0.0
2750,2.0
2751,6.0
2752,6.0
2753,7.0
2754,8.0
2755,6.0
2756,4.0
2757,6.0
2758,9.0
2759,6.0
2760,6.0
2761,8.0
2762,0.0
2763,4.0
2764,8.0
2765,2.0
2766,4.0
2767,6.0
2768,4.0
2769,8.0
2770,8.0
2771,4.0
2772,0.0
2773,4.0
2774,2.0
2775,3.0
2776,2.0
2777,5.0
2778,4.0
2779,5.0
2780,4.0
2781,4.0
2782,4.0
2783,9.0
2784,1.0
2785,2.0
2786,4.0
2787,2.0
2788,4.0
2789,4.0
2790,8.0
2791,4.0
2792,0.0
2793,3.0
2794,0.0
2795,1.0
2796,0.0
2797,4.0
2798,2.0
2799,9.0
2800,2.0
2801,3.0
2802,3.0
2803,4.0
2804,2.0
2805,6.0
2806,4.0
2807,0.0
2808,4.0
2809,3.0
2810,1.0
2811,2.0
2812,0.0
2813,6.0
2814,9.0
2815,7.0
2816,3.0
2817,2.0
2818,5.0
2819,6.0
2820,6.0
2821,6.0
2822,5.0
2823,4.0
2824,4.0
2825,2.0
2826,4.0
2827,5.0
2828,0.0
2829,6.0
2830,4.0
2831,3.0
2832,2.0
2833,2.0
2834,4.0
2835,0.0
2836,8.0
2837,8.0
2838,8.0
2839,2.0
2840,3.0
2841,2.0
2842,2.0
2843,0.0
2844,3.0
2845,2.0
2846,4.0
2847,2.0
2848,8.0
2849,6.0
2850,5.0
2851,4.0
2852,2.0
2853,8.0
2854,6.0
2855,3.0
2856,4.0
2857,2.0
2858,4.0
2859,3.0
2860,5.0
2861,3.0
2862,2.0
2863,4.0
2864,5.0
2865,6.0
2866,3.0
2867,4.0
2868,8.0
2869,8.0
2870,8.0
2871,5.0
2872,2.0
2873,9.0
2874,8.0
2875,0.0
2876,8.0
2877,8.0
2878,8.0
2879,5.0
2880,4.0
2881,3.0
2882,4.0
2883,6.0
2884,5.0
2885,4.0
2886,6.0
2887,8.0
2888,6.0
2889,6.0
2890,3.0
2891,4.0
2892,0.0
2893,8.0
2894,3.0
2895,5.0
2896,0.0
2897,4.0
2898,6.0
2899,2.0
2900,5.0
2901,2.0
2902,8.0
2903,9.0
2904,8.0
2905,2.0
2906,2.0
2907,9.0
2908,7.0
2909,2.0
2910,9.0
2911,1.0
2912,6.0
2913,8.0
2914,4.0
2915,2.0
2916,1.0
2917,4.0
2918,8.0
2919,8.0
2920,8.0
2921,8.0
2922,2.0
2923,3.0
2924,6.0
2925,4.0
2926,8.0
2927,0.0
2928,6.0
2929,1.0
2930,3.0
2931,3.0
2932,6.0
2933,0.0
2934,3.0
2935,8.0
2936,7.0
2937,3.0
2938,2.0
2939,2.0
2940,7.0
2941,3.0
2942,2.0
2943,7.0
2944,4.0
2945,6.0
2946,1.0
2947,2.0
2948,0.0
2949,2.0
2950,8.0
2951,2.0
2952,0.0
2953,8.0
2954,2.0
2955,4.0
2956,0.0
2957,2.0
2958,8.0
2959,8.0
2960,9.0
2961,2.0
2962,0.0
2963,5.0
2964,0.0
2965,3.0
2966,4.0
2967,7.0
2968,0.0
2969,5.0
2970,5.0
2971,4.0
2972,0.0
2973,8.0
2974,3.0
2975,4.0
2976,8.0
2977,8.0
2978,2.0
2979,0.0
2980,8.0
2981,2.0
2982,4.0
2983,5.0
2984,6.0
2985,8.0
2986,8.0
2987,5.0
2988,4.0
2989,5.0
2990,2.0
2991,6.0
2992,8.0
2993,0.0
2994,8.0
2995,4.0
2996,8.0
2997,5.0
2998,8.0
2999,2.0
3000,5.0
3001,6.0
3002,6.0
3003,8.0
3004,6.0
3005,8.0
3006,5.0
3007,6.0
3008,8.0
3009,4.0
3010,2.0
3011,4.0
3012,2.0
3013,7.0
3014,8.0
3015,4.0
3016,4.0
3017,5.0
3018,8.0
3019,6.0
3020,8.0
3021,8.0
3022,2.0
3023,0.0
3024,0.0
3025,6.0
3026,4.0
3027,5.0
3028,1.0
3029,9.0
3030,8.0
3031,0.0
3032,0.0
3033,3.0
3034,2.0
3035,3.0
3036,9.0
3037,8.0
3038,0.0
3039,5.0
3040,7.0
3041,4.0
3042,0.0
3043,5.0
3044,6.0
3045,5.0
3046,8.0
3047,4.0
3048,0.0
3049,6.0
3050,0.0
3051,8.0
3052,6.0
3053,2.0
3054,8.0
3055,4.0
3056,2.0
3057,6.0
3058,6.0
3059,9.0
3060,7.0
3061,8.0
3062,8.0
3063,0.0
3064,1.0
3065,3.0
3066,0.0
3067,2.0
3068,0.0
3069,6.0
3070,0.0
3071,7.0
3072,3.0
3073,5.0
3074,4.0
3075,5.0
3076,2.0
3077,0.0
3078,8.0
3079,8.0
3080,1.0
3081,9.0
3082,4.0
3083,4.0
3084,6.0
3085,2.0
3086,3.0
3087,8.0
3088,6.0
3089,8.0
3090,8.0
3091,2.0
3092,7.0
3093,8.0
3094,0.0
3095,4.0
3096,7.0
3097,4.0
3098,2.0
3099,0.0
3100,0.0
3101,2.0
3102,0.0
3103,8.0
3104,7.0
3105,0.0
3106,8.0
3107,4.0
3108,6.0
3109,8.0
3110,5.0
3111,0.0
3112,0.0
3113,4.0
3114,8.0
3115,4.0
3116,4.0
3117,1.0
3118,2.0
3119,4.0
3120,4.0
3121,4.0
3122,8.0
3123,8.0
3124,4.0
3125,3.0
3126,9.0
3127,4.0
3128,1.0
3129,6.0
3130,3.0
3131,4.0
3132,8.0
3133,4.0
3134,7.0
3135,4.0
3136,4.0
3137,8.0
3138,8.0
3139,2.0
3140,8.0
3141,3.0
3142,8.0
3143,3.0
3144,7.0
3145,4.0
3146,4.0
3147,4.0
3148,0.0
3149,1.0
3150,8.0
3151,8.0
3152,6.0
3153,4.0
3154,8.0
3155,8.0
3156,9.0
3157,9.0
3158,0.0
3159,2.0
3160,4.0
3161,0.0
3162,6.0
3163,2.0
3164,2.0
3165,3.0
3166,7.0
3167,8.0
3168,8.0
3169,9.0
3170,9.0
3171,1.0
3172,0.0
3173,2.0
3174,6.0
3175,8.0
3176,7.0
3177,0.0
3178,4.0
3179,6.0
3180,8.0
3181,9.0
3182,8.0
3183,0.0
3184,0.0
3185,5.0
3186,0.0
3187,7.0
3188,2.0
3189,8.0
3190,6.0
3191,2.0
3192,2.0
3193,4.0
3194,3.0
3195,2.0
3196,5.0
3197,4.0
3198,6.0
3199,6.0
3200,5.0
3201,6.0
3202,7.0
3203,2.0
3204,5.0
3205,8.0
3206,2.0
3207,2.0
3208,5.0
3209,6.0
3210,3.0
3211,5.0
3212,2.0
3213,8.0
3214,6.0
3215,1.0
3216,5.0
3217,7.0
3218,3.0
3219,6.0
3220,5.0
3221,5.0
3222,8.0
3223,7.0
3224,6.0
3225,9.0
3226,0.0
3227,2.0
3228,5.0
3229,2.0
3230,2.0
3231,8.0
3232,2.0
3233,4.0
3234,4.0
3235,2.0
3236,6.0
3237,0.0
3238,2.0
3239,6.0
3240,0.0
3241,7.0
3242,4.0
3243,8.0
3244,4.0
3245,4.0
3246,4.0
3247,3.0
3248,0.0
3249,4.0
3250,3.0
3251,4.0
3252,4.0
3253,8.0
3254,5.0
3255,3.0
3256,4.0
3257,3.0
3258,4.0
3259,8.0
3260,8.0
3261,0.0
3262,4.0
3263,6.0
3264,9.0
3265,8.0
3266,1.0
3267,2.0
3268,5.0
3269,4.0
3270,0.0
3271,6.0
3272,4.0
3273,8.0
3274,3.0
3275,2.0
3276,4.0
3277,4.0
3278,0.0
3279,8.0
3280,5.0
3281,0.0
3282,0.0
3283,2.0
3284,8.0
3285,8.0
3286,4.0
3287,4.0
3288,0.0
3289,6.0
3290,5.0
3291,5.0
3292,4.0
3293,1.0
3294,0.0
3295,4.0
3296,4.0
3297,6.0
3298,3.0
3299,5.0
3300,2.0
3301,4.0
3302,8.0
3303,7.0
3304,6.0
3305,1.0
3306,5.0
3307,7.0
3308,8.0
3309,2.0
3310,4.0
3311,2.0
3312,3.0
3313,2.0
3314,2.0
3315,2.0
3316,4.0
3317,0.0
3318,8.0
3319,3.0
3320,8.0
3321,2.0
3322,2.0
3323,5.0
3324,4.0
3325,4.0
3326,4.0
3327,5.0
3328,2.0
3329,3.0
3330,8.0
3331,8.0
3332,7.0
3333,4.0
3334,4.0
3335,8.0
3336,8.0
3337,7.0
3338,0.0
3339,3.0
3340,4.0
3341,4.0
3342,0.0
3343,7.0
3344,8.0
3345,7.0
3346,0.0
3347,0.0
3348,1.0
3349,2.0
3350,0.0
3351,0.0
3352,2.0
3353,3.0
3354,0.0
3355,8.0
3356,6.0
3357,3.0
3358,6.0
3359,0.0
3360,6.0
3361,6.0
3362,2.0
3363,5.0
3364,4.0
3365,9.0
3366,8.0
3367,7.0
3368,2.0
3369,7.0
3370,5.0
3371,2.0
3372,1.0
3373,2.0
3374,6.0
3375,4.0
3376,6.0
3377,3.0
3378,2.0
3379,6.0
3380,8.0
3381,3.0
3382,4.0
3383,8.0
3384,1.0
3385,0.0
3386,4.0
3387,3.0
3388,5.0
3389,1.0
3390,4.0
3391,3.0
3392,0.0
3393,0.0
3394,4.0
3395,8.0
3396,0.0
3397,4.0
3398,0.0
3399,0.0
3400,4.0
3401,0.0
3402,4.0
3403,8.0
3404,5.0
3405,7.0
3406,2.0
3407,1.0
3408,4.0
3409,1.0
3410,4.0
3411,3.0
3412,0.0
3413,2.0
3414,2.0
3415,5.0
3416,8.0
3417,5.0
3418,4.0
3419,2.0
3420,4.0
3421,4.0
3422,3.0
3423,8.0
3424,6.0
3425,4.0
3426,2.0
3427,3.0
3428,2.0
3429,0.0
3430,8.0
3431,4.0
3432,2.0
3433,4.0
3434,5.0
3435,6.0
3436,4.0
3437,7.0
3438,4.0
3439,6.0
3440,2.0
3441,0.0
3442,1.0
3443,4.0
3444,0.0
3445,0.0
3446,8.0
3447,4.0
3448,2.0
3449,8.0
3450,0.0
3451,3.0
3452,5.0
3453,4.0
3454,2.0
3455,6.0
3456,2.0
3457,8.0
3458,4.0
3459,8.0
3460,4.0
3461,6.0
3462,2.0
3463,2.0
3464,1.0
3465,7.0
3466,8.0
3467,8.0
3468,4.0
3469,8.0
3470,0.0
3471,1.0
3472,4.0
3473,4.0
3474,4.0
3475,2.0
3476,8.0
3477,6.0
3478,6.0
3479,3.0
3480,2.0
3481,5.0
3482,8.0
3483,0.0
3484,4.0
3485,8.0
3486,6.0
3487,5.0
3488,1.0
3489,8.0
3490,8.0
3491,9.0
3492,5.0
3493,0.0
3494,0.0
3495,2.0
3496,6.0
3497,8.0
3498,4.0
3499,0.0
3500,8.0
3501,8.0
3502,2.0
3503,8.0
3504,4.0
3505,3.0
3506,2.0
3507,4.0
3508,4.0
3509,2.0
3510,4.0
3511,8.0
3512,4.0
3513,4.0
3514,2.0
3515,8.0
3516,7.0
3517,6.0
3518,5.0
3519,2.0
3520,1.0
3521,8.0
3522,4.0
3523,4.0
3524,2.0
3525,4.0
3526,4.0
3527,8.0
3528,5.0
3529,3.0
3530,3.0
3531,4.0
3532,3.0
3533,4.0
3534,7.0
3535,5.0
3536,0.0
3537,8.0
3538,8.0
3539,0.0
3540,5.0
3541,4.0
3542,9.0
3543,3.0
3544,5.0
3545,4.0
3546,3.0
3547,9.0
3548,8.0
3549,6.0
3550,2.0
3551,0.0
3552,8.0
3553,1.0
3554,6.0
3555,2.0
3556,6.0
3557,2.0
3558,5.0
3559,4.0
3560,0.0
3561,5.0
3562,0.0
3563,6.0
3564,1.0
3565,1.0
3566,0.0
3567,5.0
3568,0.0
3569,0.0
3570,5.0
3571,4.0
3572,4.0
3573,6.0
3574,4.0
3575,2.0
3576,4.0
3577,8.0
3578,2.0
3579,9.0
3580,2.0
3581,2.0
3582,6.0
3583,6.0
3584,5.0
3585,8.0
3586,8.0
3587,8.0
3588,6.0
3589,2.0
3590,7.0
3591,3.0
3592,2.0
3593,6.0
3594,5.0
3595,2.0
3596,4.0
3597,6.0
3598,2.0
3599,4.0
3600,6.0
3601,3.0
3602,3.0
3603,2.0
3604,2.0
3605,6.0
3606,0.0
3607,5.0
3608,0.0
3609,8.0
3610,4.0
3611,8.0
3612,9.0
3613,2.0
3614,3.0
3615,3.0
3616,4.0
3617,3.0
3618,2.0
3619,8.0
3620,3.0
3621,0.0
3622,3.0
3623,5.0
3624,4.0
3625,8.0
3626,9.0
3627,4.0
3628,3.0
3629,8.0
3630,8.0
3631,4.0
3632,0.0
3633,3.0
3634,3.0
3635,4.0
3636,3.0
3637,2.0
3638,8.0
3639,7.0
3640,5.0
3641,8.0
3642,1.0
3643,0.0
3644,9.0
3645,1.0
3646,6.0
3647,1.0
3648,4.0
3649,5.0
3650,0.0
3651,0.0
3652,2.0
3653,8.0
3654,4.0
3655,7.0
3656,2.0
3657,4.0
3658,7.0
3659,4.0
3660,8.0
3661,4.0
3662,4.0
3663,1.0
3664,6.0
3665,4.0
3666,6.0
3667,3.0
3668,3.0
3669,5.0
3670,0.0
3671,4.0
3672,0.0
3673,4.0
3674,4.0
3675,4.0
3676,4.0
3677,8.0
3678,6.0
3679,8.0
3680,2.0
3681,4.0
3682,4.0
3683,4.0
3684,9.0
3685,2.0
3686,8.0
3687,4.0
3688,7.0
3689,7.0
3690,4.0
3691,8.0
3692,2.0
3693,2.0
3694,0.0
3695,5.0
3696,8.0
3697,4.0
3698,0.0
3699,1.0
3700,3.0
3701,6.0
3702,8.0
3703,7.0
3704,2.0
3705,8.0
3706,4.0
3707,3.0
3708,2.0
3709,5.0
3710,4.0
3711,4.0
3712,0.0
3713,3.0
3714,5.0
3715,4.0
3716,4.0
3717,4.0
3718,8.0
3719,5.0
3720,2.0
3721,2.0
3722,7.0
3723,1.0
3724,4.0
3725,4.0
3726,4.0
3727,8.0
3728,2.0
3729,8.0
3730,5.0
3731,0.0
3732,3.0
3733,2.0
3734,3.0
3735,0.0
3736,6.0
3737,2.0
3738,9.0
3739,7.0
3740,0.0
3741,2.0
3742,8.0
3743,5.0
3744,4.0
3745,1.0
3746,6.0
3747,9.0
3748,4.0
3749,8.0
3750,8.0
3751,2.0
3752,6.0
3753,2.0
3754,0.0
3755,4.0
3756,9.0
3757,4.0
3758,6.0
3759,4.0
3760,4.0
3761,8.0
3762,1.0
3763,8.0
3764,3.0
3765,0.0
3766,2.0
3767,6.0
3768,1.0
3769,4.0
3770,0.0
3771,0.0
3772,0.0
3773,4.0
3774,5.0
3775,6.0
3776,9.0
3777,4.0
3778,6.0
3779,4.0
3780,2.0
3781,2.0
3782,0.0
3783,2.0
3784,5.0
3785,2.0
3786,2.0
3787,2.0
3788,4.0
3789,8.0
3790,4.0
3791,4.0
3792,8.0
3793,3.0
3794,1.0
3795,4.0
3796,5.0
3797,4.0
3798,5.0
3799,4.0
3800,8.0
3801,2.0
3802,8.0
3803,1.0
3804,6.0
3805,9.0
3806,0.0
3807,8.0
3808,4.0
3809,4.0
3810,2.0
3811,7.0
3812,9.0
3813,8.0
3814,5.0
3815,0.0
3816,4.0
3817,6.0
3818,0.0
3819,6.0
3820,0.0
3821,8.0
3822,3.0
3823,0.0
3824,4.0
3825,0.0
3826,4.0
3827,4.0
3828,1.0
3829,8.0
3830,5.0
3831,3.0
3832,7.0
3833,4.0
3834,2.0
3835,2.0
3836,8.0
3837,7.0
3838,4.0
3839,3.0
3840,3.0
3841,9.0
3842,0.0
3843,5.0
3844,2.0
3845,0.0
3846,3.0
3847,8.0
3848,8.0
3849,4.0
3850,6.0
3851,2.0
3852,2.0
3853,4.0
3854,8.0
3855,4.0
3856,1.0
3857,8.0
3858,0.0
3859,3.0
3860,7.0
3861,4.0
3862,4.0
3863,6.0
3864,0.0
3865,3.0
3866,0.0
3867,5.0
3868,2.0
3869,9.0
3870,2.0
3871,8.0
3872,3.0
3873,9.0
3874,4.0
3875,3.0
3876,7.0
3877,4.0
3878,5.0
3879,0.0
3880,4.0
3881,0.0
3882,4.0
3883,2.0
3884,0.0
3885,4.0
3886,8.0
3887,4.0
3888,3.0
3889,6.0
3890,5.0
3891,6.0
3892,5.0
3893,9.0
3894,0.0
3895,5.0
3896,3.0
3897,0.0
3898,2.0
3899,4.0
3900,0.0
3901,7.0
3902,0.0
3903,8.0
3904,4.0
3905,2.0
3906,4.0
3907,2.0
3908,2.0
3909,5.0
3910,4.0
3911,8.0
3912,8.0
3913,4.0
3914,4.0
3915,4.0
3916,2.0
3917,6.0
3918,6.0
3919,7.0
3920,0.0
3921,8.0
3922,8.0
3923,4.0
3924,3.0
3925,8.0
3926,8.0
3927,0.0
3928,2.0
3929,6.0
3930,2.0
3931,5.0
3932,8.0
3933,2.0
3934,2.0
3935,8.0
3936,3.0
3937,8.0
3938,8.0
3939,1.0
3940,4.0
3941,4.0
3942,4.0
3943,0.0
3944,4.0
3945,2.0
3946,8.0
3947,4.0
3948,8.0
3949,3.0
3950,8.0
3951,8.0
3952,4.0
3953,2.0
3954,5.0
3955,8.0
3956,3.0
3957,0.0
3958,8.0
3959,4.0
3960,5.0
3961,8.0
3962,4.0
3963,5.0
3964,8.0
3965,0.0
3966,4.0
3967,4.0
3968,8.0
3969,0.0
3970,6.0
3971,4.0
3972,6.0
3973,2.0
3974,8.0
3975,4.0
3976,2.0
3977,6.0
3978,4.0
3979,9.0
3980,6.0
3981,6.0
3982,9.0
3983,2.0
3984,6.0
3985,7.0
3986,2.0
3987,8.0
3988,2.0
3989,6.0
3990,2.0
3991,2.0
3992,0.0
3993,2.0
3994,8.0
3995,5.0
3996,4.0
3997,4.0
3998,2.0
3999,8.0
4000,2.0
4001,2.0
4002,8.0
4003,0.0
4004,9.0
4005,6.0
4006,8.0
4007,6.0
4008,8.0
4009,2.0
4010,2.0
4011,5.0
4012,6.0
4013,6.0
4014,8.0
4015,4.0
4016,7.0
4017,4.0
4018,4.0
4019,1.0
4020,0.0
4021,3.0
4022,4.0
4023,8.0
4024,8.0
4025,5.0
4026,8.0
4027,4.0
4028,0.0
4029,2.0
4030,8.0
4031,4.0
4032,5.0
4033,8.0
4034,4.0
4035,5.0
4036,0.0
4037,0.0
4038,3.0
4039,7.0
4040,0.0
4041,7.0
4042,8.0
4043,3.0
4044,2.0
4045,2.0
4046,7.0
4047,6.0
4048,4.0
4049,2.0
4050,2.0
4051,5.0
4052,4.0
4053,4.0
4054,8.0
4055,4.0
4056,4.0
4057,7.0
4058,2.0
4059,8.0
4060,0.0
4061,5.0
4062,0.0
4063,5.0
4064,6.0
4065,4.0
4066,2.0
4067,9.0
4068,4.0
4069,4.0
4070,8.0
4071,6.0
4072,3.0
4073,5.0
4074,2.0
4075,2.0
4076,4.0
4077,5.0
4078,3.0
4079,8.0
4080,1.0
4081,0.0
4082,3.0
4083,4.0
4084,7.0
4085,3.0
4086,8.0
4087,8.0
4088,7.0
4089,4.0
4090,2.0
4091,9.0
4092,4.0
4093,3.0
4094,5.0
4095,6.0
4096,2.0
4097,2.0
4098,5.0
4099,4.0
4100,7.0
4101,4.0
4102,0.0
4103,8.0
4104,0.0
4105,7.0
4106,8.0
4107,6.0
4108,4.0
4109,5.0
4110,2.0
4111,6.0
4112,4.0
4113,0.0
4114,3.0
4115,9.0
4116,2.0
4117,2.0
4118,0.0
4119,6.0
4120,4.0
4121,4.0
4122,6.0
4123,0.0
4124,8.0
4125,8.0
4126,6.0
4127,4.0
4128,1.0
4129,8.0
4130,6.0
4131,7.0
4132,4.0
4133,6.0
4134,3.0
4135,0.0
4136,4.0
4137,2.0
4138,4.0
4139,5.0
4140,5.0
4141,0.0
4142,8.0
4143,5.0
4144,8.0
4145,8.0
4146,5.0
4147,4.0
4148,3.0
4149,2.0
4150,6.0
4151,4.0
4152,5.0
4153,0.0
4154,7.0
4155,3.0
4156,8.0
4157,4.0
4158,6.0
4159,4.0
4160,4.0
4161,2.0
4162,8.0
4163,2.0
4164,0.0
4165,8.0
4166,4.0
4167,4.0
4168,0.0
4169,6.0
4170,4.0
4171,0.0
4172,4.0
4173,6.0
4174,2.0
4175,3.0
4176,6.0
4177,6.0
4178,7.0
4179,6.0
4180,0.0
4181,0.0
4182,3.0
4183,7.0
4184,4.0
4185,7.0
4186,7.0
4187,0.0
4188,4.0
4189,2.0
4190,4.0
4191,8.0
4192,8.0
4193,8.0
4194,0.0
4195,6.0
4196,8.0
4197,6.0
4198,0.0
4199,9.0
4200,2.0
4201,0.0
4202,2.0
4203,4.0
4204,2.0
4205,4.0
4206,5.0
4207,3.0
4208,5.0
4209,2.0
4210,3.0
4211,4.0
4212,1.0
4213,4.0
4214,7.0
4215,8.0
4216,6.0
4217,4.0
4218,9.0
4219,8.0
4220,0.0
4221,4.0
4222,8.0
4223,8.0
4224,5.0
4225,5.0
4226,8.0
4227,3.0
4228,8.0
4229,8.0
4230,4.0
4231,7.0
4232,3.0
4233,7.0
4234,2.0
4235,5.0
4236,1.0
4237,4.0
4238,4.0
4239,2.0
4240,8.0
4241,3.0
4242,8.0
4243,6.0
4244,2.0
4245,4.0
4246,5.0
4247,3.0
4248,5.0
4249,4.0
4250,4.0
4251,4.0
4252,7.0
4253,2.0
4254,8.0
4255,3.0
4256,8.0
4257,6.0
4258,8.0
4259,2.0
4260,8.0
4261,2.0
4262,6.0
4263,6.0
4264,4.0
4265,5.0
4266,4.0
4267,4.0
4268,4.0
4269,2.0
4270,3.0
4271,0.0
4272,7.0
4273,5.0
4274,1.0
4275,5.0
4276,2.0
4277,4.0
4278,4.0
4279,3.0
4280,9.0
4281,4.0
4282,6.0
4283,2.0
4284,5.0
4285,2.0
4286,0.0
4287,7.0
4288,1.0
4289,7.0
4290,2.0
4291,1.0
4292,6.0
4293,4.0
4294,2.0
4295,0.0
4296,7.0
4297,9.0
4298,2.0
4299,8.0
4300,8.0
4301,4.0
4302,5.0
4303,7.0
4304,2.0
4305,0.0
4306,8.0
4307,3.0
4308,0.0
4309,6.0
4310,5.0
4311,7.0
4312,2.0
4313,0.0
4314,8.0
4315,8.0
4316,8.0
4317,8.0
4318,1.0
4319,4.0
4320,8.0
4321,2.0
4322,2.0
4323,5.0
4324,9.0
4325,2.0
4326,2.0
4327,1.0
4328,0.0
4329,6.0
4330,5.0
4331,4.0
4332,7.0
4333,6.0
4334,5.0
4335,8.0
4336,1.0
4337,0.0
4338,5.0
4339,4.0
4340,0.0
4341,4.0
4342,5.0
4343,3.0
4344,6.0
4345,5.0
4346,3.0
4347,8.0
4348,8.0
4349,0.0
4350,4.0
4351,8.0
4352,2.0
4353,3.0
4354,1.0
4355,6.0
4356,0.0
4357,5.0
4358,6.0
4359,4.0
4360,4.0
4361,8.0
4362,4.0
4363,8.0
4364,0.0
4365,8.0
4366,2.0
4367,8.0
4368,3.0
4369,2.0
4370,5.0
4371,0.0
4372,8.0
4373,0.0
4374,0.0
4375,5.0
4376,4.0
4377,4.0
4378,8.0
4379,4.0
4380,9.0
4381,2.0
4382,7.0
4383,4.0
4384,2.0
4385,8.0
4386,4.0
4387,2.0
4388,2.0
4389,8.0
4390,5.0
4391,8.0
4392,3.0
4393,3.0
4394,5.0
4395,7.0
4396,9.0
4397,8.0
4398,4.0
4399,4.0
4400,4.0
4401,9.0
4402,7.0
4403,4.0
4404,6.0
4405,6.0
4406,5.0
4407,3.0
4408,5.0
4409,8.0
4410,4.0
4411,3.0
4412,2.0
4413,6.0
4414,0.0
4415,0.0
4416,2.0
4417,3.0
4418,0.0
4419,0.0
4420,8.0
4421,5.0
4422,2.0
4423,5.0
4424,1.0
4425,8.0
4426,0.0
4427,2.0
4428,8.0
4429,4.0
4430,1.0
4431,8.0
4432,2.0
4433,8.0
4434,2.0
4435,5.0
4436,4.0
4437,4.0
4438,2.0
4439,3.0
4440,2.0
4441,0.0
4442,8.0
4443,4.0
4444,8.0
4445,8.0
4446,8.0
4447,2.0
4448,2.0
4449,6.0
4450,8.0
4451,2.0
4452,3.0
4453,0.0
4454,8.0
4455,8.0
4456,4.0
4457,5.0
4458,5.0
4459,0.0
4460,8.0
4461,0.0
4462,5.0
4463,5.0
4464,6.0
4465,4.0
4466,8.0
4467,2.0
4468,8.0
4469,4.0
4470,8.0
4471,2.0
4472,2.0
4473,4.0
4474,7.0
4475,5.0
4476,5.0
4477,2.0
4478,4.0
4479,4.0
4480,9.0
4481,8.0
4482,2.0
4483,3.0
4484,4.0
4485,4.0
4486,2.0
4487,4.0
4488,0.0
4489,2.0
4490,0.0
4491,2.0
4492,8.0
4493,4.0
4494,8.0
4495,5.0
4496,0.0
4497,8.0
4498,8.0
4499,2.0
4500,7.0
4501,5.0
4502,7.0
4503,4.0
4504,0.0
4505,4.0
4506,8.0
4507,2.0
4508,8.0
4509,4.0
4510,2.0
4511,2.0
4512,2.0
4513,3.0
4514,9.0
4515,0.0
4516,0.0
4517,8.0
4518,8.0
4519,8.0
4520,6.0
4521,8.0
4522,2.0
4523,8.0
4524,2.0
4525,2.0
4526,3.0
4527,6.0
4528,6.0
4529,4.0
4530,0.0
4531,4.0
4532,4.0
4533,9.0
4534,2.0
4535,4.0
4536,1.0
4537,3.0
4538,7.0
4539,8.0
4540,1.0
4541,4.0
4542,4.0
4543,4.0
4544,7.0
4545,6.0
4546,0.0
4547,4.0
4548,0.0
4549,0.0
4550,3.0
4551,2.0
4552,5.0
4553,6.0
4554,4.0
4555,5.0
4556,0.0
4557,8.0
4558,2.0
4559,2.0
4560,4.0
4561,4.0
4562,4.0
4563,5.0
4564,6.0
4565,4.0
4566,0.0
4567,4.0
4568,2.0
4569,2.0
4570,6.0
4571,4.0
4572,2.0
4573,4.0
4574,6.0
4575,2.0
4576,4.0
4577,3.0
4578,7.0
4579,5.0
4580,4.0
4581,4.0
4582,8.0
4583,3.0
4584,8.0
4585,4.0
4586,0.0
4587,4.0
4588,8.0
4589,4.0
4590,6.0
4591,8.0
4592,6.0
4593,2.0
4594,1.0
4595,8.0
4596,4.0
4597,2.0
4598,8.0
4599,8.0
4600,4.0
4601,2.0
4602,1.0
4603,2.0
4604,4.0
4605,2.0
4606,4.0
4607,6.0
4608,4.0
4609,0.0
4610,0.0
4611,8.0
4612,4.0
4613,8.0
4614,2.0
4615,0.0
4616,4.0
4617,6.0
4618,6.0
4619,8.0
4620,3.0
4621,8.0
4622,5.0
4623,5.0
4624,6.0
4625,0.0
4626,5.0
4627,4.0
4628,2.0
4629,4.0
4630,2.0
4631,6.0
4632,3.0
4633,2.0
4634,5.0
4635,4.0
4636,8.0
4637,2.0
4638,6.0
4639,4.0
4640,4.0
4641,4.0
4642,4.0
4643,0.0
4644,6.0
4645,4.0
4646,0.0
4647,0.0
4648,5.0
4649,8.0
4650,2.0
4651,8.0
4652,4.0
4653,4.0
4654,4.0
4655,3.0
4656,6.0
4657,7.0
4658,1.0
4659,2.0
4660,4.0
4661,3.0
4662,4.0
4663,4.0
4664,8.0
4665,6.0
4666,4.0
4667,0.0
4668,6.0
4669,2.0
4670,8.0
4671,6.0
4672,4.0
4673,0.0
4674,0.0
4675,0.0
4676,1.0
4677,4.0
4678,8.0
4679,2.0
4680,1.0
4681,4.0
4682,3.0
4683,2.0
4684,7.0
4685,4.0
4686,8.0
4687,8.0
4688,8.0
4689,4.0
4690,6.0
4691,2.0
4692,8.0
4693,6.0
4694,2.0
4695,8.0
4696,4.0
4697,2.0
4698,4.0
4699,4.0
4700,5.0
4701,8.0
4702,6.0
4703,4.0
4704,5.0
4705,4.0
4706,2.0
4707,2.0
4708,5.0
4709,0.0
4710,7.0
4711,4.0
4712,3.0
4713,1.0
4714,6.0
4715,2.0
4716,8.0
4717,2.0
4718,6.0
4719,9.0
4720,8.0
4721,8.0
4722,3.0
4723,9.0
4724,2.0
4725,9.0
4726,4.0
4727,9.0
4728,7.0
4729,2.0
4730,4.0
4731,4.0
4732,5.0
4733,6.0
4734,4.0
4735,8.0
4736,6.0
4737,9.0
4738,2.0
4739,4.0
4740,2.0
4741,8.0
4742,8.0
4743,2.0
4744,6.0
4745,0.0
4746,4.0
4747,5.0
4748,4.0
4749,6.0
4750,5.0
4751,2.0
4752,6.0
4753,2.0
4754,8.0
4755,4.0
4756,4.0
4757,0.0
4758,6.0
4759,8.0
4760,2.0
4761,9.0
4762,8.0
4763,0.0
4764,3.0
4765,6.0
4766,1.0
4767,6.0
4768,3.0
4769,8.0
4770,3.0
4771,8.0
4772,8.0
4773,6.0
4774,6.0
4775,3.0
4776,3.0
4777,5.0
4778,5.0
4779,2.0
4780,8.0
4781,8.0
4782,2.0
4783,8.0
4784,0.0
4785,6.0
4786,4.0
4787,8.0
4788,4.0
4789,0.0
4790,1.0
4791,9.0
4792,8.0
4793,8.0
4794,2.0
4795,4.0
4796,3.0
4797,4.0
4798,9.0
4799,8.0
4800,9.0
4801,2.0
4802,0.0
4803,5.0
4804,2.0
4805,6.0
4806,2.0
4807,8.0
4808,2.0
4809,0.0
4810,3.0
4811,8.0
4812,8.0
4813,8.0
4814,2.0
4815,4.0
4816,4.0
4817,6.0
4818,4.0
4819,3.0
4820,5.0
4821,4.0
4822,3.0
4823,8.0
4824,8.0
4825,2.0
4826,4.0
4827,0.0
4828,5.0
4829,6.0
4830,3.0
4831,1.0
4832,6.0
4833,2.0
4834,0.0
4835,8.0
4836,0.0
4837,6.0
4838,1.0
4839,5.0
4840,0.0
4841,1.0
4842,2.0
4843,3.0
4844,6.0
4845,0.0
4846,8.0
4847,2.0
4848,8.0
4849,3.0
4850,0.0
4851,8.0
4852,2.0
4853,8.0
4854,0.0
4855,0.0
4856,0.0
4857,6.0
4858,2.0
4859,2.0
4860,2.0
4861,8.0
4862,2.0
4863,8.0
4864,4.0
4865,3.0
4866,2.0
4867,8.0
4868,8.0
4869,8.0
4870,3.0
4871,4.0
4872,9.0
4873,0.0
4874,0.0
4875,4.0
4876,2.0
4877,6.0
4878,2.0
4879,6.0
4880,2.0
4881,8.0
4882,4.0
4883,6.0
4884,6.0
4885,2.0
4886,3.0
4887,4.0
4888,2.0
4889,2.0
4890,6.0
4891,4.0
4892,4.0
4893,4.0
4894,4.0
4895,4.0
4896,7.0
4897,3.0
4898,6.0
4899,4.0
4900,0.0
4901,0.0
4902,4.0
4903,6.0
4904,1.0
4905,7.0
4906,2.0
4907,5.0
4908,3.0
4909,0.0
4910,8.0
4911,8.0
4912,1.0
4913,1.0
4914,4.0
4915,5.0
4916,4.0
4917,4.0
4918,3.0
4919,0.0
4920,3.0
4921,3.0
4922,9.0
4923,0.0
4924,6.0
4925,3.0
4926,7.0
4927,1.0
4928,6.0
4929,8.0
4930,1.0
4931,8.0
4932,8.0
4933,6.0
4934,5.0
4935,5.0
4936,2.0
4937,0.0
4938,1.0
4939,0.0
4940,2.0
4941,6.0
4942,2.0
4943,4.0
4944,8.0
4945,4.0
4946,4.0
4947,6.0
4948,2.0
4949,7.0
4950,2.0
4951,2.0
4952,4.0
4953,0.0
4954,8.0
4955,8.0
4956,2.0
4957,4.0
4958,4.0
4959,7.0
4960,6.0
4961,8.0
4962,0.0
4963,3.0
4964,2.0
4965,4.0
4966,3.0
4967,6.0
4968,0.0
4969,6.0
4970,4.0
4971,6.0
4972,8.0
4973,8.0
4974,4.0
4975,4.0
4976,4.0
4977,9.0
4978,8.0
4979,2.0
4980,0.0
4981,0.0
4982,0.0
4983,5.0
4984,1.0
4985,2.0
4986,8.0
4987,3.0
4988,3.0
4989,6.0
4990,2.0
4991,8.0
4992,6.0
4993,0.0
4994,7.0
4995,3.0
4996,0.0
4997,3.0
4998,6.0
4999,6.0
